"date_week","year","month","quarter","week_of_year","month_name","month_start_date","month_end_date","quarter_start_date","week_end_date"
2022-01-02,2022.0,1.0,1.0,52.0,January  ,2022-01-01,2022-01-31,2022-01-01,2022-01-08
2022-01-09,2022.0,1.0,1.0,1.0,January  ,2022-01-01,2022-01-31,2022-01-01,2022-01-15
2022-01-16,2022.0,1.0,1.0,2.0,January  ,2022-01-01,2022-01-31,2022-01-01,2022-01-22
2022-01-23,2022.0,1.0,1.0,3.0,January  ,2022-01-01,2022-01-31,2022-01-01,2022-01-29
2022-01-30,2022.0,1.0,1.0,4.0,January  ,2022-01-01,2022-01-31,2022-01-01,2022-02-05
2022-02-06,2022.0,2.0,1.0,5.0,February ,2022-02-01,2022-02-28,2022-01-01,2022-02-12
2022-02-13,2022.0,2.0,1.0,6.0,February ,2022-02-01,2022-02-28,2022-01-01,2022-02-19
2022-02-20,2022.0,2.0,1.0,7.0,February ,2022-02-01,2022-02-28,2022-01-01,2022-02-26
2022-02-27,2022.0,2.0,1.0,8.0,February ,2022-02-01,2022-02-28,2022-01-01,2022-03-05
2022-03-06,2022.0,3.0,1.0,9.0,March    ,2022-03-01,2022-03-31,2022-01-01,2022-03-12
2022-03-13,2022.0,3.0,1.0,10.0,March    ,2022-03-01,2022-03-31,2022-01-01,2022-03-19
2022-03-20,2022.0,3.0,1.0,11.0,March    ,2022-03-01,2022-03-31,2022-01-01,2022-03-26
2022-03-27,2022.0,3.0,1.0,12.0,March    ,2022-03-01,2022-03-31,2022-01-01,2022-04-02
2022-04-03,2022.0,4.0,2.0,13.0,April    ,2022-04-01,2022-04-30,2022-04-01,2022-04-09
2022-04-10,2022.0,4.0,2.0,14.0,April    ,2022-04-01,2022-04-30,2022-04-01,2022-04-16
2022-04-17,2022.0,4.0,2.0,15.0,April    ,2022-04-01,2022-04-30,2022-04-01,2022-04-23
2022-04-24,2022.0,4.0,2.0,16.0,April    ,2022-04-01,2022-04-30,2022-04-01,2022-04-30
2022-05-01,2022.0,5.0,2.0,17.0,May      ,2022-05-01,2022-05-31,2022-04-01,2022-05-07
2022-05-08,2022.0,5.0,2.0,18.0,May      ,2022-05-01,2022-05-31,2022-04-01,2022-05-14
2022-05-15,2022.0,5.0,2.0,19.0,May      ,2022-05-01,2022-05-31,2022-04-01,2022-05-21
2022-05-22,2022.0,5.0,2.0,20.0,May      ,2022-05-01,2022-05-31,2022-04-01,2022-05-28
2022-05-29,2022.0,5.0,2.0,21.0,May      ,2022-05-01,2022-05-31,2022-04-01,2022-06-04
2022-06-05,2022.0,6.0,2.0,22.0,June     ,2022-06-01,2022-06-30,2022-04-01,2022-06-11
2022-06-12,2022.0,6.0,2.0,23.0,June     ,2022-06-01,2022-06-30,2022-04-01,2022-06-18
2022-06-19,2022.0,6.0,2.0,24.0,June     ,2022-06-01,2022-06-30,2022-04-01,2022-06-25
2022-06-26,2022.0,6.0,2.0,25.0,June     ,2022-06-01,2022-06-30,2022-04-01,2022-07-02
2022-07-03,2022.0,7.0,3.0,26.0,July     ,2022-07-01,2022-07-31,2022-07-01,2022-07-09
2022-07-10,2022.0,7.0,3.0,27.0,July     ,2022-07-01,2022-07-31,2022-07-01,2022-07-16
2022-07-17,2022.0,7.0,3.0,28.0,July     ,2022-07-01,2022-07-31,2022-07-01,2022-07-23
2022-07-24,2022.0,7.0,3.0,29.0,July     ,2022-07-01,2022-07-31,2022-07-01,2022-07-30
2022-07-31,2022.0,7.0,3.0,30.0,July     ,2022-07-01,2022-07-31,2022-07-01,2022-08-06
2022-08-07,2022.0,8.0,3.0,31.0,August   ,2022-08-01,2022-08-31,2022-07-01,2022-08-13
2022-08-14,2022.0,8.0,3.0,32.0,August   ,2022-08-01,2022-08-31,2022-07-01,2022-08-20
2022-08-21,2022.0,8.0,3.0,33.0,August   ,2022-08-01,2022-08-31,2022-07-01,2022-08-27
2022-08-28,2022.0,8.0,3.0,34.0,August   ,2022-08-01,2022-08-31,2022-07-01,2022-09-03
2022-09-04,2022.0,9.0,3.0,35.0,September,2022-09-01,2022-09-30,2022-07-01,2022-09-10
2022-09-11,2022.0,9.0,3.0,36.0,September,2022-09-01,2022-09-30,2022-07-01,2022-09-17
2022-09-18,2022.0,9.0,3.0,37.0,September,2022-09-01,2022-09-30,2022-07-01,2022-09-24
2022-09-25,2022.0,9.0,3.0,38.0,September,2022-09-01,2022-09-30,2022-07-01,2022-10-01
2022-10-02,2022.0,10.0,4.0,39.0,October  ,2022-10-01,2022-10-31,2022-10-01,2022-10-08
2022-10-09,2022.0,10.0,4.0,40.0,October  ,2022-10-01,2022-10-31,2022-10-01,2022-10-15
2022-10-16,2022.0,10.0,4.0,41.0,October  ,2022-10-01,2022-10-31,2022-10-01,2022-10-22
2022-10-23,2022.0,10.0,4.0,42.0,October  ,2022-10-01,2022-10-31,2022-10-01,2022-10-29
2022-10-30,2022.0,10.0,4.0,43.0,October  ,2022-10-01,2022-10-31,2022-10-01,2022-11-05
2022-11-06,2022.0,11.0,4.0,44.0,November ,2022-11-01,2022-11-30,2022-10-01,2022-11-12
2022-11-13,2022.0,11.0,4.0,45.0,November ,2022-11-01,2022-11-30,2022-10-01,2022-11-19
2022-11-20,2022.0,11.0,4.0,46.0,November ,2022-11-01,2022-11-30,2022-10-01,2022-11-26
2022-11-27,2022.0,11.0,4.0,47.0,November ,2022-11-01,2022-11-30,2022-10-01,2022-12-03
2022-12-04,2022.0,12.0,4.0,48.0,December ,2022-12-01,2022-12-31,2022-10-01,2022-12-10
2022-12-11,2022.0,12.0,4.0,49.0,December ,2022-12-01,2022-12-31,2022-10-01,2022-12-17
2022-12-18,2022.0,12.0,4.0,50.0,December ,2022-12-01,2022-12-31,2022-10-01,2022-12-24
2022-12-25,2022.0,12.0,4.0,51.0,December ,2022-12-01,2022-12-31,2022-10-01,2022-12-31
2023-01-01,2023.0,1.0,1.0,52.0,January  ,2023-01-01,2023-01-31,2023-01-01,2023-01-07
2023-01-08,2023.0,1.0,1.0,1.0,January  ,2023-01-01,2023-01-31,2023-01-01,2023-01-14
2023-01-15,2023.0,1.0,1.0,2.0,January  ,2023-01-01,2023-01-31,2023-01-01,2023-01-21
2023-01-22,2023.0,1.0,1.0,3.0,January  ,2023-01-01,2023-01-31,2023-01-01,2023-01-28
2023-01-29,2023.0,1.0,1.0,4.0,January  ,2023-01-01,2023-01-31,2023-01-01,2023-02-04
2023-02-05,2023.0,2.0,1.0,5.0,February ,2023-02-01,2023-02-28,2023-01-01,2023-02-11
2023-02-12,2023.0,2.0,1.0,6.0,February ,2023-02-01,2023-02-28,2023-01-01,2023-02-18
2023-02-19,2023.0,2.0,1.0,7.0,February ,2023-02-01,2023-02-28,2023-01-01,2023-02-25
2023-02-26,2023.0,2.0,1.0,8.0,February ,2023-02-01,2023-02-28,2023-01-01,2023-03-04
2023-03-05,2023.0,3.0,1.0,9.0,March    ,2023-03-01,2023-03-31,2023-01-01,2023-03-11
2023-03-12,2023.0,3.0,1.0,10.0,March    ,2023-03-01,2023-03-31,2023-01-01,2023-03-18
2023-03-19,2023.0,3.0,1.0,11.0,March    ,2023-03-01,2023-03-31,2023-01-01,2023-03-25
2023-03-26,2023.0,3.0,1.0,12.0,March    ,2023-03-01,2023-03-31,2023-01-01,2023-04-01
2023-04-02,2023.0,4.0,2.0,13.0,April    ,2023-04-01,2023-04-30,2023-04-01,2023-04-08
2023-04-09,2023.0,4.0,2.0,14.0,April    ,2023-04-01,2023-04-30,2023-04-01,2023-04-15
2023-04-16,2023.0,4.0,2.0,15.0,April    ,2023-04-01,2023-04-30,2023-04-01,2023-04-22
2023-04-23,2023.0,4.0,2.0,16.0,April    ,2023-04-01,2023-04-30,2023-04-01,2023-04-29
2023-04-30,2023.0,4.0,2.0,17.0,April    ,2023-04-01,2023-04-30,2023-04-01,2023-05-06
2023-05-07,2023.0,5.0,2.0,18.0,May      ,2023-05-01,2023-05-31,2023-04-01,2023-05-13
2023-05-14,2023.0,5.0,2.0,19.0,May      ,2023-05-01,2023-05-31,2023-04-01,2023-05-20
2023-05-21,2023.0,5.0,2.0,20.0,May      ,2023-05-01,2023-05-31,2023-04-01,2023-05-27
2023-05-28,2023.0,5.0,2.0,21.0,May      ,2023-05-01,2023-05-31,2023-04-01,2023-06-03
2023-06-04,2023.0,6.0,2.0,22.0,June     ,2023-06-01,2023-06-30,2023-04-01,2023-06-10
2023-06-11,2023.0,6.0,2.0,23.0,June     ,2023-06-01,2023-06-30,2023-04-01,2023-06-17
2023-06-18,2023.0,6.0,2.0,24.0,June     ,2023-06-01,2023-06-30,2023-04-01,2023-06-24
2023-06-25,2023.0,6.0,2.0,25.0,June     ,2023-06-01,2023-06-30,2023-04-01,2023-07-01
2023-07-02,2023.0,7.0,3.0,26.0,July     ,2023-07-01,2023-07-31,2023-07-01,2023-07-08
2023-07-09,2023.0,7.0,3.0,27.0,July     ,2023-07-01,2023-07-31,2023-07-01,2023-07-15
2023-07-16,2023.0,7.0,3.0,28.0,July     ,2023-07-01,2023-07-31,2023-07-01,2023-07-22
2023-07-23,2023.0,7.0,3.0,29.0,July     ,2023-07-01,2023-07-31,2023-07-01,2023-07-29
2023-07-30,2023.0,7.0,3.0,30.0,July     ,2023-07-01,2023-07-31,2023-07-01,2023-08-05
2023-08-06,2023.0,8.0,3.0,31.0,August   ,2023-08-01,2023-08-31,2023-07-01,2023-08-12
2023-08-13,2023.0,8.0,3.0,32.0,August   ,2023-08-01,2023-08-31,2023-07-01,2023-08-19
2023-08-20,2023.0,8.0,3.0,33.0,August   ,2023-08-01,2023-08-31,2023-07-01,2023-08-26
2023-08-27,2023.0,8.0,3.0,34.0,August   ,2023-08-01,2023-08-31,2023-07-01,2023-09-02
2023-09-03,2023.0,9.0,3.0,35.0,September,2023-09-01,2023-09-30,2023-07-01,2023-09-09
2023-09-10,2023.0,9.0,3.0,36.0,September,2023-09-01,2023-09-30,2023-07-01,2023-09-16
2023-09-17,2023.0,9.0,3.0,37.0,September,2023-09-01,2023-09-30,2023-07-01,2023-09-23
2023-09-24,2023.0,9.0,3.0,38.0,September,2023-09-01,2023-09-30,2023-07-01,2023-09-30
2023-10-01,2023.0,10.0,4.0,39.0,October  ,2023-10-01,2023-10-31,2023-10-01,2023-10-07
2023-10-08,2023.0,10.0,4.0,40.0,October  ,2023-10-01,2023-10-31,2023-10-01,2023-10-14
2023-10-15,2023.0,10.0,4.0,41.0,October  ,2023-10-01,2023-10-31,2023-10-01,2023-10-21
2023-10-22,2023.0,10.0,4.0,42.0,October  ,2023-10-01,2023-10-31,2023-10-01,2023-10-28
2023-10-29,2023.0,10.0,4.0,43.0,October  ,2023-10-01,2023-10-31,2023-10-01,2023-11-04
2023-11-05,2023.0,11.0,4.0,44.0,November ,2023-11-01,2023-11-30,2023-10-01,2023-11-11
2023-11-12,2023.0,11.0,4.0,45.0,November ,2023-11-01,2023-11-30,2023-10-01,2023-11-18
2023-11-19,2023.0,11.0,4.0,46.0,November ,2023-11-01,2023-11-30,2023-10-01,2023-11-25
2023-11-26,2023.0,11.0,4.0,47.0,November ,2023-11-01,2023-11-30,2023-10-01,2023-12-02
2023-12-03,2023.0,12.0,4.0,48.0,December ,2023-12-01,2023-12-31,2023-10-01,2023-12-09
2023-12-10,2023.0,12.0,4.0,49.0,December ,2023-12-01,2023-12-31,2023-10-01,2023-12-16
2023-12-17,2023.0,12.0,4.0,50.0,December ,2023-12-01,2023-12-31,2023-10-01,2023-12-23
2023-12-24,2023.0,12.0,4.0,51.0,December ,2023-12-01,2023-12-31,2023-10-01,2023-12-30
2023-12-31,2023.0,12.0,4.0,52.0,December ,2023-12-01,2023-12-31,2023-10-01,2024-01-06
2024-01-07,2024.0,1.0,1.0,1.0,January  ,2024-01-01,2024-01-31,2024-01-01,2024-01-13
2024-01-14,2024.0,1.0,1.0,2.0,January  ,2024-01-01,2024-01-31,2024-01-01,2024-01-20
2024-01-21,2024.0,1.0,1.0,3.0,January  ,2024-01-01,2024-01-31,2024-01-01,2024-01-27
2024-01-28,2024.0,1.0,1.0,4.0,January  ,2024-01-01,2024-01-31,2024-01-01,2024-02-03
2024-02-04,2024.0,2.0,1.0,5.0,February ,2024-02-01,2024-02-29,2024-01-01,2024-02-10
2024-02-11,2024.0,2.0,1.0,6.0,February ,2024-02-01,2024-02-29,2024-01-01,2024-02-17
2024-02-18,2024.0,2.0,1.0,7.0,February ,2024-02-01,2024-02-29,2024-01-01,2024-02-24
2024-02-25,2024.0,2.0,1.0,8.0,February ,2024-02-01,2024-02-29,2024-01-01,2024-03-02
2024-03-03,2024.0,3.0,1.0,9.0,March    ,2024-03-01,2024-03-31,2024-01-01,2024-03-09
2024-03-10,2024.0,3.0,1.0,10.0,March    ,2024-03-01,2024-03-31,2024-01-01,2024-03-16
2024-03-17,2024.0,3.0,1.0,11.0,March    ,2024-03-01,2024-03-31,2024-01-01,2024-03-23
2024-03-24,2024.0,3.0,1.0,12.0,March    ,2024-03-01,2024-03-31,2024-01-01,2024-03-30
2024-03-31,2024.0,3.0,1.0,13.0,March    ,2024-03-01,2024-03-31,2024-01-01,2024-04-06
2024-04-07,2024.0,4.0,2.0,14.0,April    ,2024-04-01,2024-04-30,2024-04-01,2024-04-13
2024-04-14,2024.0,4.0,2.0,15.0,April    ,2024-04-01,2024-04-30,2024-04-01,2024-04-20
2024-04-21,2024.0,4.0,2.0,16.0,April    ,2024-04-01,2024-04-30,2024-04-01,2024-04-27
2024-04-28,2024.0,4.0,2.0,17.0,April    ,2024-04-01,2024-04-30,2024-04-01,2024-05-04
2024-05-05,2024.0,5.0,2.0,18.0,May      ,2024-05-01,2024-05-31,2024-04-01,2024-05-11
2024-05-12,2024.0,5.0,2.0,19.0,May      ,2024-05-01,2024-05-31,2024-04-01,2024-05-18
2024-05-19,2024.0,5.0,2.0,20.0,May      ,2024-05-01,2024-05-31,2024-04-01,2024-05-25
2024-05-26,2024.0,5.0,2.0,21.0,May      ,2024-05-01,2024-05-31,2024-04-01,2024-06-01
2024-06-02,2024.0,6.0,2.0,22.0,June     ,2024-06-01,2024-06-30,2024-04-01,2024-06-08
2024-06-09,2024.0,6.0,2.0,23.0,June     ,2024-06-01,2024-06-30,2024-04-01,2024-06-15
2024-06-16,2024.0,6.0,2.0,24.0,June     ,2024-06-01,2024-06-30,2024-04-01,2024-06-22
2024-06-23,2024.0,6.0,2.0,25.0,June     ,2024-06-01,2024-06-30,2024-04-01,2024-06-29
2024-06-30,2024.0,6.0,2.0,26.0,June     ,2024-06-01,2024-06-30,2024-04-01,2024-07-06
2024-07-07,2024.0,7.0,3.0,27.0,July     ,2024-07-01,2024-07-31,2024-07-01,2024-07-13
2024-07-14,2024.0,7.0,3.0,28.0,July     ,2024-07-01,2024-07-31,2024-07-01,2024-07-20
2024-07-21,2024.0,7.0,3.0,29.0,July     ,2024-07-01,2024-07-31,2024-07-01,2024-07-27
2024-07-28,2024.0,7.0,3.0,30.0,July     ,2024-07-01,2024-07-31,2024-07-01,2024-08-03
2024-08-04,2024.0,8.0,3.0,31.0,August   ,2024-08-01,2024-08-31,2024-07-01,2024-08-10
2024-08-11,2024.0,8.0,3.0,32.0,August   ,2024-08-01,2024-08-31,2024-07-01,2024-08-17
2024-08-18,2024.0,8.0,3.0,33.0,August   ,2024-08-01,2024-08-31,2024-07-01,2024-08-24
2024-08-25,2024.0,8.0,3.0,34.0,August   ,2024-08-01,2024-08-31,2024-07-01,2024-08-31
2024-09-01,2024.0,9.0,3.0,35.0,September,2024-09-01,2024-09-30,2024-07-01,2024-09-07
2024-09-08,2024.0,9.0,3.0,36.0,September,2024-09-01,2024-09-30,2024-07-01,2024-09-14
2024-09-15,2024.0,9.0,3.0,37.0,September,2024-09-01,2024-09-30,2024-07-01,2024-09-21
2024-09-22,2024.0,9.0,3.0,38.0,September,2024-09-01,2024-09-30,2024-07-01,2024-09-28
2024-09-29,2024.0,9.0,3.0,39.0,September,2024-09-01,2024-09-30,2024-07-01,2024-10-05
2024-10-06,2024.0,10.0,4.0,40.0,October  ,2024-10-01,2024-10-31,2024-10-01,2024-10-12
2024-10-13,2024.0,10.0,4.0,41.0,October  ,2024-10-01,2024-10-31,2024-10-01,2024-10-19
2024-10-20,2024.0,10.0,4.0,42.0,October  ,2024-10-01,2024-10-31,2024-10-01,2024-10-26
2024-10-27,2024.0,10.0,4.0,43.0,October  ,2024-10-01,2024-10-31,2024-10-01,2024-11-02
2024-11-03,2024.0,11.0,4.0,44.0,November ,2024-11-01,2024-11-30,2024-10-01,2024-11-09
2024-11-10,2024.0,11.0,4.0,45.0,November ,2024-11-01,2024-11-30,2024-10-01,2024-11-16
2024-11-17,2024.0,11.0,4.0,46.0,November ,2024-11-01,2024-11-30,2024-10-01,2024-11-23
2024-11-24,2024.0,11.0,4.0,47.0,November ,2024-11-01,2024-11-30,2024-10-01,2024-11-30
2024-12-01,2024.0,12.0,4.0,48.0,December ,2024-12-01,2024-12-31,2024-10-01,2024-12-07
2024-12-08,2024.0,12.0,4.0,49.0,December ,2024-12-01,2024-12-31,2024-10-01,2024-12-14
2024-12-15,2024.0,12.0,4.0,50.0,December ,2024-12-01,2024-12-31,2024-10-01,2024-12-21
2024-12-22,2024.0,12.0,4.0,51.0,December ,2024-12-01,2024-12-31,2024-10-01,2024-12-28
2024-12-29,2024.0,12.0,4.0,52.0,December ,2024-12-01,2024-12-31,2024-10-01,2025-01-04
2025-01-05,2025.0,1.0,1.0,1.0,January  ,2025-01-01,2025-01-31,2025-01-01,2025-01-11
2025-01-12,2025.0,1.0,1.0,2.0,January  ,2025-01-01,2025-01-31,2025-01-01,2025-01-18
2025-01-19,2025.0,1.0,1.0,3.0,January  ,2025-01-01,2025-01-31,2025-01-01,2025-01-25
2025-01-26,2025.0,1.0,1.0,4.0,January  ,2025-01-01,2025-01-31,2025-01-01,2025-02-01
2025-02-02,2025.0,2.0,1.0,5.0,February ,2025-02-01,2025-02-28,2025-01-01,2025-02-08
2025-02-09,2025.0,2.0,1.0,6.0,February ,2025-02-01,2025-02-28,2025-01-01,2025-02-15
2025-02-16,2025.0,2.0,1.0,7.0,February ,2025-02-01,2025-02-28,2025-01-01,2025-02-22
2025-02-23,2025.0,2.0,1.0,8.0,February ,2025-02-01,2025-02-28,2025-01-01,2025-03-01
2025-03-02,2025.0,3.0,1.0,9.0,March    ,2025-03-01,2025-03-31,2025-01-01,2025-03-08
2025-03-09,2025.0,3.0,1.0,10.0,March    ,2025-03-01,2025-03-31,2025-01-01,2025-03-15
2025-03-16,2025.0,3.0,1.0,11.0,March    ,2025-03-01,2025-03-31,2025-01-01,2025-03-22
2025-03-23,2025.0,3.0,1.0,12.0,March    ,2025-03-01,2025-03-31,2025-01-01,2025-03-29
2025-03-30,2025.0,3.0,1.0,13.0,March    ,2025-03-01,2025-03-31,2025-01-01,2025-04-05
2025-04-06,2025.0,4.0,2.0,14.0,April    ,2025-04-01,2025-04-30,2025-04-01,2025-04-12
2025-04-13,2025.0,4.0,2.0,15.0,April    ,2025-04-01,2025-04-30,2025-04-01,2025-04-19
2025-04-20,2025.0,4.0,2.0,16.0,April    ,2025-04-01,2025-04-30,2025-04-01,2025-04-26
2025-04-27,2025.0,4.0,2.0,17.0,April    ,2025-04-01,2025-04-30,2025-04-01,2025-05-03
2025-05-04,2025.0,5.0,2.0,18.0,May      ,2025-05-01,2025-05-31,2025-04-01,2025-05-10
2025-05-11,2025.0,5.0,2.0,19.0,May      ,2025-05-01,2025-05-31,2025-04-01,2025-05-17
2025-05-18,2025.0,5.0,2.0,20.0,May      ,2025-05-01,2025-05-31,2025-04-01,2025-05-24
2025-05-25,2025.0,5.0,2.0,21.0,May      ,2025-05-01,2025-05-31,2025-04-01,2025-05-31
2025-06-01,2025.0,6.0,2.0,22.0,June     ,2025-06-01,2025-06-30,2025-04-01,2025-06-07
2025-06-08,2025.0,6.0,2.0,23.0,June     ,2025-06-01,2025-06-30,2025-04-01,2025-06-14
2025-06-15,2025.0,6.0,2.0,24.0,June     ,2025-06-01,2025-06-30,2025-04-01,2025-06-21
2025-06-22,2025.0,6.0,2.0,25.0,June     ,2025-06-01,2025-06-30,2025-04-01,2025-06-28
2025-06-29,2025.0,6.0,2.0,26.0,June     ,2025-06-01,2025-06-30,2025-04-01,2025-07-05
2025-07-06,2025.0,7.0,3.0,27.0,July     ,2025-07-01,2025-07-31,2025-07-01,2025-07-12
2025-07-13,2025.0,7.0,3.0,28.0,July     ,2025-07-01,2025-07-31,2025-07-01,2025-07-19
2025-07-20,2025.0,7.0,3.0,29.0,July     ,2025-07-01,2025-07-31,2025-07-01,2025-07-26
2025-07-27,2025.0,7.0,3.0,30.0,July     ,2025-07-01,2025-07-31,2025-07-01,2025-08-02
2025-08-03,2025.0,8.0,3.0,31.0,August   ,2025-08-01,2025-08-31,2025-07-01,2025-08-09
2025-08-10,2025.0,8.0,3.0,32.0,August   ,2025-08-01,2025-08-31,2025-07-01,2025-08-16
2025-08-17,2025.0,8.0,3.0,33.0,August   ,2025-08-01,2025-08-31,2025-07-01,2025-08-23
2025-08-24,2025.0,8.0,3.0,34.0,August   ,2025-08-01,2025-08-31,2025-07-01,2025-08-30
2025-08-31,2025.0,8.0,3.0,35.0,August   ,2025-08-01,2025-08-31,2025-07-01,2025-09-06
2025-09-07,2025.0,9.0,3.0,36.0,September,2025-09-01,2025-09-30,2025-07-01,2025-09-13
2025-09-14,2025.0,9.0,3.0,37.0,September,2025-09-01,2025-09-30,2025-07-01,2025-09-20
2025-09-21,2025.0,9.0,3.0,38.0,September,2025-09-01,2025-09-30,2025-07-01,2025-09-27
2025-09-28,2025.0,9.0,3.0,39.0,September,2025-09-01,2025-09-30,2025-07-01,2025-10-04
2025-10-05,2025.0,10.0,4.0,40.0,October  ,2025-10-01,2025-10-31,2025-10-01,2025-10-11
2025-10-12,2025.0,10.0,4.0,41.0,October  ,2025-10-01,2025-10-31,2025-10-01,2025-10-18
2025-10-19,2025.0,10.0,4.0,42.0,October  ,2025-10-01,2025-10-31,2025-10-01,2025-10-25
2025-10-26,2025.0,10.0,4.0,43.0,October  ,2025-10-01,2025-10-31,2025-10-01,2025-11-01
2025-11-02,2025.0,11.0,4.0,44.0,November ,2025-11-01,2025-11-30,2025-10-01,2025-11-08
2025-11-09,2025.0,11.0,4.0,45.0,November ,2025-11-01,2025-11-30,2025-10-01,2025-11-15
2025-11-16,2025.0,11.0,4.0,46.0,November ,2025-11-01,2025-11-30,2025-10-01,2025-11-22
2025-11-23,2025.0,11.0,4.0,47.0,November ,2025-11-01,2025-11-30,2025-10-01,2025-11-29
2025-11-30,2025.0,11.0,4.0,48.0,November ,2025-11-01,2025-11-30,2025-10-01,2025-12-06
2025-12-07,2025.0,12.0,4.0,49.0,December ,2025-12-01,2025-12-31,2025-10-01,2025-12-13
2025-12-14,2025.0,12.0,4.0,50.0,December ,2025-12-01,2025-12-31,2025-10-01,2025-12-20
2025-12-21,2025.0,12.0,4.0,51.0,December ,2025-12-01,2025-12-31,2025-10-01,2025-12-27
2025-12-28,2025.0,12.0,4.0,52.0,December ,2025-12-01,2025-12-31,2025-10-01,2026-01-03
2026-01-04,2026.0,1.0,1.0,1.0,January  ,2026-01-01,2026-01-31,2026-01-01,2026-01-10
2026-01-11,2026.0,1.0,1.0,2.0,January  ,2026-01-01,2026-01-31,2026-01-01,2026-01-17
2026-01-18,2026.0,1.0,1.0,3.0,January  ,2026-01-01,2026-01-31,2026-01-01,2026-01-24
2026-01-25,2026.0,1.0,1.0,4.0,January  ,2026-01-01,2026-01-31,2026-01-01,2026-01-31
2026-02-01,2026.0,2.0,1.0,5.0,February ,2026-02-01,2026-02-28,2026-01-01,2026-02-07
2026-02-08,2026.0,2.0,1.0,6.0,February ,2026-02-01,2026-02-28,2026-01-01,2026-02-14
2026-02-15,2026.0,2.0,1.0,7.0,February ,2026-02-01,2026-02-28,2026-01-01,2026-02-21
2026-02-22,2026.0,2.0,1.0,8.0,February ,2026-02-01,2026-02-28,2026-01-01,2026-02-28
2026-03-01,2026.0,3.0,1.0,9.0,March    ,2026-03-01,2026-03-31,2026-01-01,2026-03-07
2026-03-08,2026.0,3.0,1.0,10.0,March    ,2026-03-01,2026-03-31,2026-01-01,2026-03-14
2026-03-15,2026.0,3.0,1.0,11.0,March    ,2026-03-01,2026-03-31,2026-01-01,2026-03-21
2026-03-22,2026.0,3.0,1.0,12.0,March    ,2026-03-01,2026-03-31,2026-01-01,2026-03-28
2026-03-29,2026.0,3.0,1.0,13.0,March    ,2026-03-01,2026-03-31,2026-01-01,2026-04-04
2026-04-05,2026.0,4.0,2.0,14.0,April    ,2026-04-01,2026-04-30,2026-04-01,2026-04-11
2026-04-12,2026.0,4.0,2.0,15.0,April    ,2026-04-01,2026-04-30,2026-04-01,2026-04-18
2026-04-19,2026.0,4.0,2.0,16.0,April    ,2026-04-01,2026-04-30,2026-04-01,2026-04-25
2026-04-26,2026.0,4.0,2.0,17.0,April    ,2026-04-01,2026-04-30,2026-04-01,2026-05-02
2026-05-03,2026.0,5.0,2.0,18.0,May      ,2026-05-01,2026-05-31,2026-04-01,2026-05-09
2026-05-10,2026.0,5.0,2.0,19.0,May      ,2026-05-01,2026-05-31,2026-04-01,2026-05-16
2026-05-17,2026.0,5.0,2.0,20.0,May      ,2026-05-01,2026-05-31,2026-04-01,2026-05-23
2026-05-24,2026.0,5.0,2.0,21.0,May      ,2026-05-01,2026-05-31,2026-04-01,2026-05-30
2026-05-31,2026.0,5.0,2.0,22.0,May      ,2026-05-01,2026-05-31,2026-04-01,2026-06-06
2026-06-07,2026.0,6.0,2.0,23.0,June     ,2026-06-01,2026-06-30,2026-04-01,2026-06-13
2026-06-14,2026.0,6.0,2.0,24.0,June     ,2026-06-01,2026-06-30,2026-04-01,2026-06-20
2026-06-21,2026.0,6.0,2.0,25.0,June     ,2026-06-01,2026-06-30,2026-04-01,2026-06-27
2026-06-28,2026.0,6.0,2.0,26.0,June     ,2026-06-01,2026-06-30,2026-04-01,2026-07-04
2026-07-05,2026.0,7.0,3.0,27.0,July     ,2026-07-01,2026-07-31,2026-07-01,2026-07-11
2026-07-12,2026.0,7.0,3.0,28.0,July     ,2026-07-01,2026-07-31,2026-07-01,2026-07-18
2026-07-19,2026.0,7.0,3.0,29.0,July     ,2026-07-01,2026-07-31,2026-07-01,2026-07-25
2026-07-26,2026.0,7.0,3.0,30.0,July     ,2026-07-01,2026-07-31,2026-07-01,2026-08-01
2026-08-02,2026.0,8.0,3.0,31.0,August   ,2026-08-01,2026-08-31,2026-07-01,2026-08-08
2026-08-09,2026.0,8.0,3.0,32.0,August   ,2026-08-01,2026-08-31,2026-07-01,2026-08-15
2026-08-16,2026.0,8.0,3.0,33.0,August   ,2026-08-01,2026-08-31,2026-07-01,2026-08-22
2026-08-23,2026.0,8.0,3.0,34.0,August   ,2026-08-01,2026-08-31,2026-07-01,2026-08-29
2026-08-30,2026.0,8.0,3.0,35.0,August   ,2026-08-01,2026-08-31,2026-07-01,2026-09-05
2026-09-06,2026.0,9.0,3.0,36.0,September,2026-09-01,2026-09-30,2026-07-01,2026-09-12
2026-09-13,2026.0,9.0,3.0,37.0,September,2026-09-01,2026-09-30,2026-07-01,2026-09-19
2026-09-20,2026.0,9.0,3.0,38.0,September,2026-09-01,2026-09-30,2026-07-01,2026-09-26
2026-09-27,2026.0,9.0,3.0,39.0,September,2026-09-01,2026-09-30,2026-07-01,2026-10-03
2026-10-04,2026.0,10.0,4.0,40.0,October  ,2026-10-01,2026-10-31,2026-10-01,2026-10-10
2026-10-11,2026.0,10.0,4.0,41.0,October  ,2026-10-01,2026-10-31,2026-10-01,2026-10-17
2026-10-18,2026.0,10.0,4.0,42.0,October  ,2026-10-01,2026-10-31,2026-10-01,2026-10-24
2026-10-25,2026.0,10.0,4.0,43.0,October  ,2026-10-01,2026-10-31,2026-10-01,2026-10-31
2026-11-01,2026.0,11.0,4.0,44.0,November ,2026-11-01,2026-11-30,2026-10-01,2026-11-07
2026-11-08,2026.0,11.0,4.0,45.0,November ,2026-11-01,2026-11-30,2026-10-01,2026-11-14
2026-11-15,2026.0,11.0,4.0,46.0,November ,2026-11-01,2026-11-30,2026-10-01,2026-11-21
2026-11-22,2026.0,11.0,4.0,47.0,November ,2026-11-01,2026-11-30,2026-10-01,2026-11-28
2026-11-29,2026.0,11.0,4.0,48.0,November ,2026-11-01,2026-11-30,2026-10-01,2026-12-05
2026-12-06,2026.0,12.0,4.0,49.0,December ,2026-12-01,2026-12-31,2026-10-01,2026-12-12
2026-12-13,2026.0,12.0,4.0,50.0,December ,2026-12-01,2026-12-31,2026-10-01,2026-12-19
2026-12-20,2026.0,12.0,4.0,51.0,December ,2026-12-01,2026-12-31,2026-10-01,2026-12-26
2026-12-27,2026.0,12.0,4.0,52.0,December ,2026-12-01,2026-12-31,2026-10-01,2027-01-02
2027-01-03,2027.0,1.0,1.0,53.0,January  ,2027-01-01,2027-01-31,2027-01-01,2027-01-09
2027-01-10,2027.0,1.0,1.0,1.0,January  ,2027-01-01,2027-01-31,2027-01-01,2027-01-16
2027-01-17,2027.0,1.0,1.0,2.0,January  ,2027-01-01,2027-01-31,2027-01-01,2027-01-23
2027-01-24,2027.0,1.0,1.0,3.0,January  ,2027-01-01,2027-01-31,2027-01-01,2027-01-30
2027-01-31,2027.0,1.0,1.0,4.0,January  ,2027-01-01,2027-01-31,2027-01-01,2027-02-06
2027-02-07,2027.0,2.0,1.0,5.0,February ,2027-02-01,2027-02-28,2027-01-01,2027-02-13
2027-02-14,2027.0,2.0,1.0,6.0,February ,2027-02-01,2027-02-28,2027-01-01,2027-02-20
2027-02-21,2027.0,2.0,1.0,7.0,February ,2027-02-01,2027-02-28,2027-01-01,2027-02-27
2027-02-28,2027.0,2.0,1.0,8.0,February ,2027-02-01,2027-02-28,2027-01-01,2027-03-06
2027-03-07,2027.0,3.0,1.0,9.0,March    ,2027-03-01,2027-03-31,2027-01-01,2027-03-13
2027-03-14,2027.0,3.0,1.0,10.0,March    ,2027-03-01,2027-03-31,2027-01-01,2027-03-20
2027-03-21,2027.0,3.0,1.0,11.0,March    ,2027-03-01,2027-03-31,2027-01-01,2027-03-27
2027-03-28,2027.0,3.0,1.0,12.0,March    ,2027-03-01,2027-03-31,2027-01-01,2027-04-03
2027-04-04,2027.0,4.0,2.0,13.0,April    ,2027-04-01,2027-04-30,2027-04-01,2027-04-10
2027-04-11,2027.0,4.0,2.0,14.0,April    ,2027-04-01,2027-04-30,2027-04-01,2027-04-17
2027-04-18,2027.0,4.0,2.0,15.0,April    ,2027-04-01,2027-04-30,2027-04-01,2027-04-24
2027-04-25,2027.0,4.0,2.0,16.0,April    ,2027-04-01,2027-04-30,2027-04-01,2027-05-01
2027-05-02,2027.0,5.0,2.0,17.0,May      ,2027-05-01,2027-05-31,2027-04-01,2027-05-08
2027-05-09,2027.0,5.0,2.0,18.0,May      ,2027-05-01,2027-05-31,2027-04-01,2027-05-15
2027-05-16,2027.0,5.0,2.0,19.0,May      ,2027-05-01,2027-05-31,2027-04-01,2027-05-22
2027-05-23,2027.0,5.0,2.0,20.0,May      ,2027-05-01,2027-05-31,2027-04-01,2027-05-29
2027-05-30,2027.0,5.0,2.0,21.0,May      ,2027-05-01,2027-05-31,2027-04-01,2027-06-05
2027-06-06,2027.0,6.0,2.0,22.0,June     ,2027-06-01,2027-06-30,2027-04-01,2027-06-12
2027-06-13,2027.0,6.0,2.0,23.0,June     ,2027-06-01,2027-06-30,2027-04-01,2027-06-19
2027-06-20,2027.0,6.0,2.0,24.0,June     ,2027-06-01,2027-06-30,2027-04-01,2027-06-26
2027-06-27,2027.0,6.0,2.0,25.0,June     ,2027-06-01,2027-06-30,2027-04-01,2027-07-03
2027-07-04,2027.0,7.0,3.0,26.0,July     ,2027-07-01,2027-07-31,2027-07-01,2027-07-10
2027-07-11,2027.0,7.0,3.0,27.0,July     ,2027-07-01,2027-07-31,2027-07-01,2027-07-17
2027-07-18,2027.0,7.0,3.0,28.0,July     ,2027-07-01,2027-07-31,2027-07-01,2027-07-24
2027-07-25,2027.0,7.0,3.0,29.0,July     ,2027-07-01,2027-07-31,2027-07-01,2027-07-31
2027-08-01,2027.0,8.0,3.0,30.0,August   ,2027-08-01,2027-08-31,2027-07-01,2027-08-07
2027-08-08,2027.0,8.0,3.0,31.0,August   ,2027-08-01,2027-08-31,2027-07-01,2027-08-14
2027-08-15,2027.0,8.0,3.0,32.0,August   ,2027-08-01,2027-08-31,2027-07-01,2027-08-21
2027-08-22,2027.0,8.0,3.0,33.0,August   ,2027-08-01,2027-08-31,2027-07-01,2027-08-28
2027-08-29,2027.0,8.0,3.0,34.0,August   ,2027-08-01,2027-08-31,2027-07-01,2027-09-04
2027-09-05,2027.0,9.0,3.0,35.0,September,2027-09-01,2027-09-30,2027-07-01,2027-09-11
2027-09-12,2027.0,9.0,3.0,36.0,September,2027-09-01,2027-09-30,2027-07-01,2027-09-18
2027-09-19,2027.0,9.0,3.0,37.0,September,2027-09-01,2027-09-30,2027-07-01,2027-09-25
2027-09-26,2027.0,9.0,3.0,38.0,September,2027-09-01,2027-09-30,2027-07-01,2027-10-02
2027-10-03,2027.0,10.0,4.0,39.0,October  ,2027-10-01,2027-10-31,2027-10-01,2027-10-09
2027-10-10,2027.0,10.0,4.0,40.0,October  ,2027-10-01,2027-10-31,2027-10-01,2027-10-16
2027-10-17,2027.0,10.0,4.0,41.0,October  ,2027-10-01,2027-10-31,2027-10-01,2027-10-23
2027-10-24,2027.0,10.0,4.0,42.0,October  ,2027-10-01,2027-10-31,2027-10-01,2027-10-30
2027-10-31,2027.0,10.0,4.0,43.0,October  ,2027-10-01,2027-10-31,2027-10-01,2027-11-06
2027-11-07,2027.0,11.0,4.0,44.0,November ,2027-11-01,2027-11-30,2027-10-01,2027-11-13
2027-11-14,2027.0,11.0,4.0,45.0,November ,2027-11-01,2027-11-30,2027-10-01,2027-11-20
2027-11-21,2027.0,11.0,4.0,46.0,November ,2027-11-01,2027-11-30,2027-10-01,2027-11-27
2027-11-28,2027.0,11.0,4.0,47.0,November ,2027-11-01,2027-11-30,2027-10-01,2027-12-04
2027-12-05,2027.0,12.0,4.0,48.0,December ,2027-12-01,2027-12-31,2027-10-01,2027-12-11
2027-12-12,2027.0,12.0,4.0,49.0,December ,2027-12-01,2027-12-31,2027-10-01,2027-12-18
2027-12-19,2027.0,12.0,4.0,50.0,December ,2027-12-01,2027-12-31,2027-10-01,2027-12-25
2027-12-26,2027.0,12.0,4.0,51.0,December ,2027-12-01,2027-12-31,2027-10-01,2028-01-01
2028-01-02,2028.0,1.0,1.0,52.0,January  ,2028-01-01,2028-01-31,2028-01-01,2028-01-08
2028-01-09,2028.0,1.0,1.0,1.0,January  ,2028-01-01,2028-01-31,2028-01-01,2028-01-15
2028-01-16,2028.0,1.0,1.0,2.0,January  ,2028-01-01,2028-01-31,2028-01-01,2028-01-22
2028-01-23,2028.0,1.0,1.0,3.0,January  ,2028-01-01,2028-01-31,2028-01-01,2028-01-29
2028-01-30,2028.0,1.0,1.0,4.0,January  ,2028-01-01,2028-01-31,2028-01-01,2028-02-05
2028-02-06,2028.0,2.0,1.0,5.0,February ,2028-02-01,2028-02-29,2028-01-01,2028-02-12
2028-02-13,2028.0,2.0,1.0,6.0,February ,2028-02-01,2028-02-29,2028-01-01,2028-02-19
2028-02-20,2028.0,2.0,1.0,7.0,February ,2028-02-01,2028-02-29,2028-01-01,2028-02-26
2028-02-27,2028.0,2.0,1.0,8.0,February ,2028-02-01,2028-02-29,2028-01-01,2028-03-04
2028-03-05,2028.0,3.0,1.0,9.0,March    ,2028-03-01,2028-03-31,2028-01-01,2028-03-11
2028-03-12,2028.0,3.0,1.0,10.0,March    ,2028-03-01,2028-03-31,2028-01-01,2028-03-18
2028-03-19,2028.0,3.0,1.0,11.0,March    ,2028-03-01,2028-03-31,2028-01-01,2028-03-25
2028-03-26,2028.0,3.0,1.0,12.0,March    ,2028-03-01,2028-03-31,2028-01-01,2028-04-01
2028-04-02,2028.0,4.0,2.0,13.0,April    ,2028-04-01,2028-04-30,2028-04-01,2028-04-08
2028-04-09,2028.0,4.0,2.0,14.0,April    ,2028-04-01,2028-04-30,2028-04-01,2028-04-15
2028-04-16,2028.0,4.0,2.0,15.0,April    ,2028-04-01,2028-04-30,2028-04-01,2028-04-22
2028-04-23,2028.0,4.0,2.0,16.0,April    ,2028-04-01,2028-04-30,2028-04-01,2028-04-29
2028-04-30,2028.0,4.0,2.0,17.0,April    ,2028-04-01,2028-04-30,2028-04-01,2028-05-06
2028-05-07,2028.0,5.0,2.0,18.0,May      ,2028-05-01,2028-05-31,2028-04-01,2028-05-13
2028-05-14,2028.0,5.0,2.0,19.0,May      ,2028-05-01,2028-05-31,2028-04-01,2028-05-20
2028-05-21,2028.0,5.0,2.0,20.0,May      ,2028-05-01,2028-05-31,2028-04-01,2028-05-27
2028-05-28,2028.0,5.0,2.0,21.0,May      ,2028-05-01,2028-05-31,2028-04-01,2028-06-03
2028-06-04,2028.0,6.0,2.0,22.0,June     ,2028-06-01,2028-06-30,2028-04-01,2028-06-10
2028-06-11,2028.0,6.0,2.0,23.0,June     ,2028-06-01,2028-06-30,2028-04-01,2028-06-17
2028-06-18,2028.0,6.0,2.0,24.0,June     ,2028-06-01,2028-06-30,2028-04-01,2028-06-24
2028-06-25,2028.0,6.0,2.0,25.0,June     ,2028-06-01,2028-06-30,2028-04-01,2028-07-01
2028-07-02,2028.0,7.0,3.0,26.0,July     ,2028-07-01,2028-07-31,2028-07-01,2028-07-08
2028-07-09,2028.0,7.0,3.0,27.0,July     ,2028-07-01,2028-07-31,2028-07-01,2028-07-15
2028-07-16,2028.0,7.0,3.0,28.0,July     ,2028-07-01,2028-07-31,2028-07-01,2028-07-22
2028-07-23,2028.0,7.0,3.0,29.0,July     ,2028-07-01,2028-07-31,2028-07-01,2028-07-29
2028-07-30,2028.0,7.0,3.0,30.0,July     ,2028-07-01,2028-07-31,2028-07-01,2028-08-05
2028-08-06,2028.0,8.0,3.0,31.0,August   ,2028-08-01,2028-08-31,2028-07-01,2028-08-12
2028-08-13,2028.0,8.0,3.0,32.0,August   ,2028-08-01,2028-08-31,2028-07-01,2028-08-19
2028-08-20,2028.0,8.0,3.0,33.0,August   ,2028-08-01,2028-08-31,2028-07-01,2028-08-26
2028-08-27,2028.0,8.0,3.0,34.0,August   ,2028-08-01,2028-08-31,2028-07-01,2028-09-02
2028-09-03,2028.0,9.0,3.0,35.0,September,2028-09-01,2028-09-30,2028-07-01,2028-09-09
2028-09-10,2028.0,9.0,3.0,36.0,September,2028-09-01,2028-09-30,2028-07-01,2028-09-16
2028-09-17,2028.0,9.0,3.0,37.0,September,2028-09-01,2028-09-30,2028-07-01,2028-09-23
2028-09-24,2028.0,9.0,3.0,38.0,September,2028-09-01,2028-09-30,2028-07-01,2028-09-30
2028-10-01,2028.0,10.0,4.0,39.0,October  ,2028-10-01,2028-10-31,2028-10-01,2028-10-07
2028-10-08,2028.0,10.0,4.0,40.0,October  ,2028-10-01,2028-10-31,2028-10-01,2028-10-14
2028-10-15,2028.0,10.0,4.0,41.0,October  ,2028-10-01,2028-10-31,2028-10-01,2028-10-21
2028-10-22,2028.0,10.0,4.0,42.0,October  ,2028-10-01,2028-10-31,2028-10-01,2028-10-28
2028-10-29,2028.0,10.0,4.0,43.0,October  ,2028-10-01,2028-10-31,2028-10-01,2028-11-04
2028-11-05,2028.0,11.0,4.0,44.0,November ,2028-11-01,2028-11-30,2028-10-01,2028-11-11
2028-11-12,2028.0,11.0,4.0,45.0,November ,2028-11-01,2028-11-30,2028-10-01,2028-11-18
2028-11-19,2028.0,11.0,4.0,46.0,November ,2028-11-01,2028-11-30,2028-10-01,2028-11-25
2028-11-26,2028.0,11.0,4.0,47.0,November ,2028-11-01,2028-11-30,2028-10-01,2028-12-02
2028-12-03,2028.0,12.0,4.0,48.0,December ,2028-12-01,2028-12-31,2028-10-01,2028-12-09
2028-12-10,2028.0,12.0,4.0,49.0,December ,2028-12-01,2028-12-31,2028-10-01,2028-12-16
2028-12-17,2028.0,12.0,4.0,50.0,December ,2028-12-01,2028-12-31,2028-10-01,2028-12-23
2028-12-24,2028.0,12.0,4.0,51.0,December ,2028-12-01,2028-12-31,2028-10-01,2028-12-30
2028-12-31,2028.0,12.0,4.0,52.0,December ,2028-12-01,2028-12-31,2028-10-01,2029-01-06
2029-01-07,2029.0,1.0,1.0,1.0,January  ,2029-01-01,2029-01-31,2029-01-01,2029-01-13
2029-01-14,2029.0,1.0,1.0,2.0,January  ,2029-01-01,2029-01-31,2029-01-01,2029-01-20
2029-01-21,2029.0,1.0,1.0,3.0,January  ,2029-01-01,2029-01-31,2029-01-01,2029-01-27
2029-01-28,2029.0,1.0,1.0,4.0,January  ,2029-01-01,2029-01-31,2029-01-01,2029-02-03
2029-02-04,2029.0,2.0,1.0,5.0,February ,2029-02-01,2029-02-28,2029-01-01,2029-02-10
2029-02-11,2029.0,2.0,1.0,6.0,February ,2029-02-01,2029-02-28,2029-01-01,2029-02-17
2029-02-18,2029.0,2.0,1.0,7.0,February ,2029-02-01,2029-02-28,2029-01-01,2029-02-24
2029-02-25,2029.0,2.0,1.0,8.0,February ,2029-02-01,2029-02-28,2029-01-01,2029-03-03
2029-03-04,2029.0,3.0,1.0,9.0,March    ,2029-03-01,2029-03-31,2029-01-01,2029-03-10
2029-03-11,2029.0,3.0,1.0,10.0,March    ,2029-03-01,2029-03-31,2029-01-01,2029-03-17
2029-03-18,2029.0,3.0,1.0,11.0,March    ,2029-03-01,2029-03-31,2029-01-01,2029-03-24
2029-03-25,2029.0,3.0,1.0,12.0,March    ,2029-03-01,2029-03-31,2029-01-01,2029-03-31
2029-04-01,2029.0,4.0,2.0,13.0,April    ,2029-04-01,2029-04-30,2029-04-01,2029-04-07
2029-04-08,2029.0,4.0,2.0,14.0,April    ,2029-04-01,2029-04-30,2029-04-01,2029-04-14
2029-04-15,2029.0,4.0,2.0,15.0,April    ,2029-04-01,2029-04-30,2029-04-01,2029-04-21
2029-04-22,2029.0,4.0,2.0,16.0,April    ,2029-04-01,2029-04-30,2029-04-01,2029-04-28
2029-04-29,2029.0,4.0,2.0,17.0,April    ,2029-04-01,2029-04-30,2029-04-01,2029-05-05
2029-05-06,2029.0,5.0,2.0,18.0,May      ,2029-05-01,2029-05-31,2029-04-01,2029-05-12
2029-05-13,2029.0,5.0,2.0,19.0,May      ,2029-05-01,2029-05-31,2029-04-01,2029-05-19
2029-05-20,2029.0,5.0,2.0,20.0,May      ,2029-05-01,2029-05-31,2029-04-01,2029-05-26
2029-05-27,2029.0,5.0,2.0,21.0,May      ,2029-05-01,2029-05-31,2029-04-01,2029-06-02
2029-06-03,2029.0,6.0,2.0,22.0,June     ,2029-06-01,2029-06-30,2029-04-01,2029-06-09
2029-06-10,2029.0,6.0,2.0,23.0,June     ,2029-06-01,2029-06-30,2029-04-01,2029-06-16
2029-06-17,2029.0,6.0,2.0,24.0,June     ,2029-06-01,2029-06-30,2029-04-01,2029-06-23
2029-06-24,2029.0,6.0,2.0,25.0,June     ,2029-06-01,2029-06-30,2029-04-01,2029-06-30
2029-07-01,2029.0,7.0,3.0,26.0,July     ,2029-07-01,2029-07-31,2029-07-01,2029-07-07
2029-07-08,2029.0,7.0,3.0,27.0,July     ,2029-07-01,2029-07-31,2029-07-01,2029-07-14
2029-07-15,2029.0,7.0,3.0,28.0,July     ,2029-07-01,2029-07-31,2029-07-01,2029-07-21
2029-07-22,2029.0,7.0,3.0,29.0,July     ,2029-07-01,2029-07-31,2029-07-01,2029-07-28
2029-07-29,2029.0,7.0,3.0,30.0,July     ,2029-07-01,2029-07-31,2029-07-01,2029-08-04
2029-08-05,2029.0,8.0,3.0,31.0,August   ,2029-08-01,2029-08-31,2029-07-01,2029-08-11
2029-08-12,2029.0,8.0,3.0,32.0,August   ,2029-08-01,2029-08-31,2029-07-01,2029-08-18
2029-08-19,2029.0,8.0,3.0,33.0,August   ,2029-08-01,2029-08-31,2029-07-01,2029-08-25
2029-08-26,2029.0,8.0,3.0,34.0,August   ,2029-08-01,2029-08-31,2029-07-01,2029-09-01
2029-09-02,2029.0,9.0,3.0,35.0,September,2029-09-01,2029-09-30,2029-07-01,2029-09-08
2029-09-09,2029.0,9.0,3.0,36.0,September,2029-09-01,2029-09-30,2029-07-01,2029-09-15
2029-09-16,2029.0,9.0,3.0,37.0,September,2029-09-01,2029-09-30,2029-07-01,2029-09-22
2029-09-23,2029.0,9.0,3.0,38.0,September,2029-09-01,2029-09-30,2029-07-01,2029-09-29
2029-09-30,2029.0,9.0,3.0,39.0,September,2029-09-01,2029-09-30,2029-07-01,2029-10-06
2029-10-07,2029.0,10.0,4.0,40.0,October  ,2029-10-01,2029-10-31,2029-10-01,2029-10-13
2029-10-14,2029.0,10.0,4.0,41.0,October  ,2029-10-01,2029-10-31,2029-10-01,2029-10-20
2029-10-21,2029.0,10.0,4.0,42.0,October  ,2029-10-01,2029-10-31,2029-10-01,2029-10-27
2029-10-28,2029.0,10.0,4.0,43.0,October  ,2029-10-01,2029-10-31,2029-10-01,2029-11-03
2029-11-04,2029.0,11.0,4.0,44.0,November ,2029-11-01,2029-11-30,2029-10-01,2029-11-10
2029-11-11,2029.0,11.0,4.0,45.0,November ,2029-11-01,2029-11-30,2029-10-01,2029-11-17
2029-11-18,2029.0,11.0,4.0,46.0,November ,2029-11-01,2029-11-30,2029-10-01,2029-11-24
2029-11-25,2029.0,11.0,4.0,47.0,November ,2029-11-01,2029-11-30,2029-10-01,2029-12-01
2029-12-02,2029.0,12.0,4.0,48.0,December ,2029-12-01,2029-12-31,2029-10-01,2029-12-08
2029-12-09,2029.0,12.0,4.0,49.0,December ,2029-12-01,2029-12-31,2029-10-01,2029-12-15
2029-12-16,2029.0,12.0,4.0,50.0,December ,2029-12-01,2029-12-31,2029-10-01,2029-12-22
2029-12-23,2029.0,12.0,4.0,51.0,December ,2029-12-01,2029-12-31,2029-10-01,2029-12-29
2029-12-30,2029.0,12.0,4.0,52.0,December ,2029-12-01,2029-12-31,2029-10-01,2030-01-05
2030-01-06,2030.0,1.0,1.0,1.0,January  ,2030-01-01,2030-01-31,2030-01-01,2030-01-12
2030-01-13,2030.0,1.0,1.0,2.0,January  ,2030-01-01,2030-01-31,2030-01-01,2030-01-19
2030-01-20,2030.0,1.0,1.0,3.0,January  ,2030-01-01,2030-01-31,2030-01-01,2030-01-26
2030-01-27,2030.0,1.0,1.0,4.0,January  ,2030-01-01,2030-01-31,2030-01-01,2030-02-02
2030-02-03,2030.0,2.0,1.0,5.0,February ,2030-02-01,2030-02-28,2030-01-01,2030-02-09
2030-02-10,2030.0,2.0,1.0,6.0,February ,2030-02-01,2030-02-28,2030-01-01,2030-02-16
2030-02-17,2030.0,2.0,1.0,7.0,February ,2030-02-01,2030-02-28,2030-01-01,2030-02-23
2030-02-24,2030.0,2.0,1.0,8.0,February ,2030-02-01,2030-02-28,2030-01-01,2030-03-02
2030-03-03,2030.0,3.0,1.0,9.0,March    ,2030-03-01,2030-03-31,2030-01-01,2030-03-09
2030-03-10,2030.0,3.0,1.0,10.0,March    ,2030-03-01,2030-03-31,2030-01-01,2030-03-16
2030-03-17,2030.0,3.0,1.0,11.0,March    ,2030-03-01,2030-03-31,2030-01-01,2030-03-23
2030-03-24,2030.0,3.0,1.0,12.0,March    ,2030-03-01,2030-03-31,2030-01-01,2030-03-30
2030-03-31,2030.0,3.0,1.0,13.0,March    ,2030-03-01,2030-03-31,2030-01-01,2030-04-06
2030-04-07,2030.0,4.0,2.0,14.0,April    ,2030-04-01,2030-04-30,2030-04-01,2030-04-13
2030-04-14,2030.0,4.0,2.0,15.0,April    ,2030-04-01,2030-04-30,2030-04-01,2030-04-20
2030-04-21,2030.0,4.0,2.0,16.0,April    ,2030-04-01,2030-04-30,2030-04-01,2030-04-27
2030-04-28,2030.0,4.0,2.0,17.0,April    ,2030-04-01,2030-04-30,2030-04-01,2030-05-04
2030-05-05,2030.0,5.0,2.0,18.0,May      ,2030-05-01,2030-05-31,2030-04-01,2030-05-11
2030-05-12,2030.0,5.0,2.0,19.0,May      ,2030-05-01,2030-05-31,2030-04-01,2030-05-18
2030-05-19,2030.0,5.0,2.0,20.0,May      ,2030-05-01,2030-05-31,2030-04-01,2030-05-25
2030-05-26,2030.0,5.0,2.0,21.0,May      ,2030-05-01,2030-05-31,2030-04-01,2030-06-01
2030-06-02,2030.0,6.0,2.0,22.0,June     ,2030-06-01,2030-06-30,2030-04-01,2030-06-08
2030-06-09,2030.0,6.0,2.0,23.0,June     ,2030-06-01,2030-06-30,2030-04-01,2030-06-15
2030-06-16,2030.0,6.0,2.0,24.0,June     ,2030-06-01,2030-06-30,2030-04-01,2030-06-22
2030-06-23,2030.0,6.0,2.0,25.0,June     ,2030-06-01,2030-06-30,2030-04-01,2030-06-29
2030-06-30,2030.0,6.0,2.0,26.0,June     ,2030-06-01,2030-06-30,2030-04-01,2030-07-06
2030-07-07,2030.0,7.0,3.0,27.0,July     ,2030-07-01,2030-07-31,2030-07-01,2030-07-13
2030-07-14,2030.0,7.0,3.0,28.0,July     ,2030-07-01,2030-07-31,2030-07-01,2030-07-20
2030-07-21,2030.0,7.0,3.0,29.0,July     ,2030-07-01,2030-07-31,2030-07-01,2030-07-27
2030-07-28,2030.0,7.0,3.0,30.0,July     ,2030-07-01,2030-07-31,2030-07-01,2030-08-03
2030-08-04,2030.0,8.0,3.0,31.0,August   ,2030-08-01,2030-08-31,2030-07-01,2030-08-10
2030-08-11,2030.0,8.0,3.0,32.0,August   ,2030-08-01,2030-08-31,2030-07-01,2030-08-17
2030-08-18,2030.0,8.0,3.0,33.0,August   ,2030-08-01,2030-08-31,2030-07-01,2030-08-24
2030-08-25,2030.0,8.0,3.0,34.0,August   ,2030-08-01,2030-08-31,2030-07-01,2030-08-31
2030-09-01,2030.0,9.0,3.0,35.0,September,2030-09-01,2030-09-30,2030-07-01,2030-09-07
2030-09-08,2030.0,9.0,3.0,36.0,September,2030-09-01,2030-09-30,2030-07-01,2030-09-14
2030-09-15,2030.0,9.0,3.0,37.0,September,2030-09-01,2030-09-30,2030-07-01,2030-09-21
2030-09-22,2030.0,9.0,3.0,38.0,September,2030-09-01,2030-09-30,2030-07-01,2030-09-28
2030-09-29,2030.0,9.0,3.0,39.0,September,2030-09-01,2030-09-30,2030-07-01,2030-10-05
2030-10-06,2030.0,10.0,4.0,40.0,October  ,2030-10-01,2030-10-31,2030-10-01,2030-10-12
2030-10-13,2030.0,10.0,4.0,41.0,October  ,2030-10-01,2030-10-31,2030-10-01,2030-10-19
2030-10-20,2030.0,10.0,4.0,42.0,October  ,2030-10-01,2030-10-31,2030-10-01,2030-10-26
2030-10-27,2030.0,10.0,4.0,43.0,October  ,2030-10-01,2030-10-31,2030-10-01,2030-11-02
2030-11-03,2030.0,11.0,4.0,44.0,November ,2030-11-01,2030-11-30,2030-10-01,2030-11-09
2030-11-10,2030.0,11.0,4.0,45.0,November ,2030-11-01,2030-11-30,2030-10-01,2030-11-16
2030-11-17,2030.0,11.0,4.0,46.0,November ,2030-11-01,2030-11-30,2030-10-01,2030-11-23
2030-11-24,2030.0,11.0,4.0,47.0,November ,2030-11-01,2030-11-30,2030-10-01,2030-11-30
2030-12-01,2030.0,12.0,4.0,48.0,December ,2030-12-01,2030-12-31,2030-10-01,2030-12-07
2030-12-08,2030.0,12.0,4.0,49.0,December ,2030-12-01,2030-12-31,2030-10-01,2030-12-14
2030-12-15,2030.0,12.0,4.0,50.0,December ,2030-12-01,2030-12-31,2030-10-01,2030-12-21
2030-12-22,2030.0,12.0,4.0,51.0,December ,2030-12-01,2030-12-31,2030-10-01,2030-12-28
2030-12-29,2030.0,12.0,4.0,52.0,December ,2030-12-01,2030-12-31,2030-10-01,2031-01-04
2031-01-05,2031.0,1.0,1.0,1.0,January  ,2031-01-01,2031-01-31,2031-01-01,2031-01-11
2031-01-12,2031.0,1.0,1.0,2.0,January  ,2031-01-01,2031-01-31,2031-01-01,2031-01-18
2031-01-19,2031.0,1.0,1.0,3.0,January  ,2031-01-01,2031-01-31,2031-01-01,2031-01-25
2031-01-26,2031.0,1.0,1.0,4.0,January  ,2031-01-01,2031-01-31,2031-01-01,2031-02-01
2031-02-02,2031.0,2.0,1.0,5.0,February ,2031-02-01,2031-02-28,2031-01-01,2031-02-08
2031-02-09,2031.0,2.0,1.0,6.0,February ,2031-02-01,2031-02-28,2031-01-01,2031-02-15
2031-02-16,2031.0,2.0,1.0,7.0,February ,2031-02-01,2031-02-28,2031-01-01,2031-02-22
2031-02-23,2031.0,2.0,1.0,8.0,February ,2031-02-01,2031-02-28,2031-01-01,2031-03-01
2031-03-02,2031.0,3.0,1.0,9.0,March    ,2031-03-01,2031-03-31,2031-01-01,2031-03-08
2031-03-09,2031.0,3.0,1.0,10.0,March    ,2031-03-01,2031-03-31,2031-01-01,2031-03-15
2031-03-16,2031.0,3.0,1.0,11.0,March    ,2031-03-01,2031-03-31,2031-01-01,2031-03-22
2031-03-23,2031.0,3.0,1.0,12.0,March    ,2031-03-01,2031-03-31,2031-01-01,2031-03-29
2031-03-30,2031.0,3.0,1.0,13.0,March    ,2031-03-01,2031-03-31,2031-01-01,2031-04-05
2031-04-06,2031.0,4.0,2.0,14.0,April    ,2031-04-01,2031-04-30,2031-04-01,2031-04-12
2031-04-13,2031.0,4.0,2.0,15.0,April    ,2031-04-01,2031-04-30,2031-04-01,2031-04-19
2031-04-20,2031.0,4.0,2.0,16.0,April    ,2031-04-01,2031-04-30,2031-04-01,2031-04-26
2031-04-27,2031.0,4.0,2.0,17.0,April    ,2031-04-01,2031-04-30,2031-04-01,2031-05-03
2031-05-04,2031.0,5.0,2.0,18.0,May      ,2031-05-01,2031-05-31,2031-04-01,2031-05-10
2031-05-11,2031.0,5.0,2.0,19.0,May      ,2031-05-01,2031-05-31,2031-04-01,2031-05-17
2031-05-18,2031.0,5.0,2.0,20.0,May      ,2031-05-01,2031-05-31,2031-04-01,2031-05-24
2031-05-25,2031.0,5.0,2.0,21.0,May      ,2031-05-01,2031-05-31,2031-04-01,2031-05-31
2031-06-01,2031.0,6.0,2.0,22.0,June     ,2031-06-01,2031-06-30,2031-04-01,2031-06-07
2031-06-08,2031.0,6.0,2.0,23.0,June     ,2031-06-01,2031-06-30,2031-04-01,2031-06-14
2031-06-15,2031.0,6.0,2.0,24.0,June     ,2031-06-01,2031-06-30,2031-04-01,2031-06-21
2031-06-22,2031.0,6.0,2.0,25.0,June     ,2031-06-01,2031-06-30,2031-04-01,2031-06-28
2031-06-29,2031.0,6.0,2.0,26.0,June     ,2031-06-01,2031-06-30,2031-04-01,2031-07-05
2031-07-06,2031.0,7.0,3.0,27.0,July     ,2031-07-01,2031-07-31,2031-07-01,2031-07-12
2031-07-13,2031.0,7.0,3.0,28.0,July     ,2031-07-01,2031-07-31,2031-07-01,2031-07-19
2031-07-20,2031.0,7.0,3.0,29.0,July     ,2031-07-01,2031-07-31,2031-07-01,2031-07-26
2031-07-27,2031.0,7.0,3.0,30.0,July     ,2031-07-01,2031-07-31,2031-07-01,2031-08-02
2031-08-03,2031.0,8.0,3.0,31.0,August   ,2031-08-01,2031-08-31,2031-07-01,2031-08-09
2031-08-10,2031.0,8.0,3.0,32.0,August   ,2031-08-01,2031-08-31,2031-07-01,2031-08-16
2031-08-17,2031.0,8.0,3.0,33.0,August   ,2031-08-01,2031-08-31,2031-07-01,2031-08-23
2031-08-24,2031.0,8.0,3.0,34.0,August   ,2031-08-01,2031-08-31,2031-07-01,2031-08-30
2031-08-31,2031.0,8.0,3.0,35.0,August   ,2031-08-01,2031-08-31,2031-07-01,2031-09-06
2031-09-07,2031.0,9.0,3.0,36.0,September,2031-09-01,2031-09-30,2031-07-01,2031-09-13
2031-09-14,2031.0,9.0,3.0,37.0,September,2031-09-01,2031-09-30,2031-07-01,2031-09-20
2031-09-21,2031.0,9.0,3.0,38.0,September,2031-09-01,2031-09-30,2031-07-01,2031-09-27
2031-09-28,2031.0,9.0,3.0,39.0,September,2031-09-01,2031-09-30,2031-07-01,2031-10-04
2031-10-05,2031.0,10.0,4.0,40.0,October  ,2031-10-01,2031-10-31,2031-10-01,2031-10-11
2031-10-12,2031.0,10.0,4.0,41.0,October  ,2031-10-01,2031-10-31,2031-10-01,2031-10-18
2031-10-19,2031.0,10.0,4.0,42.0,October  ,2031-10-01,2031-10-31,2031-10-01,2031-10-25
2031-10-26,2031.0,10.0,4.0,43.0,October  ,2031-10-01,2031-10-31,2031-10-01,2031-11-01
2031-11-02,2031.0,11.0,4.0,44.0,November ,2031-11-01,2031-11-30,2031-10-01,2031-11-08
2031-11-09,2031.0,11.0,4.0,45.0,November ,2031-11-01,2031-11-30,2031-10-01,2031-11-15
2031-11-16,2031.0,11.0,4.0,46.0,November ,2031-11-01,2031-11-30,2031-10-01,2031-11-22
2031-11-23,2031.0,11.0,4.0,47.0,November ,2031-11-01,2031-11-30,2031-10-01,2031-11-29
2031-11-30,2031.0,11.0,4.0,48.0,November ,2031-11-01,2031-11-30,2031-10-01,2031-12-06
2031-12-07,2031.0,12.0,4.0,49.0,December ,2031-12-01,2031-12-31,2031-10-01,2031-12-13
2031-12-14,2031.0,12.0,4.0,50.0,December ,2031-12-01,2031-12-31,2031-10-01,2031-12-20
2031-12-21,2031.0,12.0,4.0,51.0,December ,2031-12-01,2031-12-31,2031-10-01,2031-12-27
2031-12-28,2031.0,12.0,4.0,52.0,December ,2031-12-01,2031-12-31,2031-10-01,2032-01-03
2032-01-04,2032.0,1.0,1.0,1.0,January  ,2032-01-01,2032-01-31,2032-01-01,2032-01-10
2032-01-11,2032.0,1.0,1.0,2.0,January  ,2032-01-01,2032-01-31,2032-01-01,2032-01-17
2032-01-18,2032.0,1.0,1.0,3.0,January  ,2032-01-01,2032-01-31,2032-01-01,2032-01-24
2032-01-25,2032.0,1.0,1.0,4.0,January  ,2032-01-01,2032-01-31,2032-01-01,2032-01-31
2032-02-01,2032.0,2.0,1.0,5.0,February ,2032-02-01,2032-02-29,2032-01-01,2032-02-07
2032-02-08,2032.0,2.0,1.0,6.0,February ,2032-02-01,2032-02-29,2032-01-01,2032-02-14
2032-02-15,2032.0,2.0,1.0,7.0,February ,2032-02-01,2032-02-29,2032-01-01,2032-02-21
2032-02-22,2032.0,2.0,1.0,8.0,February ,2032-02-01,2032-02-29,2032-01-01,2032-02-28
2032-02-29,2032.0,2.0,1.0,9.0,February ,2032-02-01,2032-02-29,2032-01-01,2032-03-06
2032-03-07,2032.0,3.0,1.0,10.0,March    ,2032-03-01,2032-03-31,2032-01-01,2032-03-13
2032-03-14,2032.0,3.0,1.0,11.0,March    ,2032-03-01,2032-03-31,2032-01-01,2032-03-20
2032-03-21,2032.0,3.0,1.0,12.0,March    ,2032-03-01,2032-03-31,2032-01-01,2032-03-27
2032-03-28,2032.0,3.0,1.0,13.0,March    ,2032-03-01,2032-03-31,2032-01-01,2032-04-03
2032-04-04,2032.0,4.0,2.0,14.0,April    ,2032-04-01,2032-04-30,2032-04-01,2032-04-10
2032-04-11,2032.0,4.0,2.0,15.0,April    ,2032-04-01,2032-04-30,2032-04-01,2032-04-17
2032-04-18,2032.0,4.0,2.0,16.0,April    ,2032-04-01,2032-04-30,2032-04-01,2032-04-24
2032-04-25,2032.0,4.0,2.0,17.0,April    ,2032-04-01,2032-04-30,2032-04-01,2032-05-01
2032-05-02,2032.0,5.0,2.0,18.0,May      ,2032-05-01,2032-05-31,2032-04-01,2032-05-08
2032-05-09,2032.0,5.0,2.0,19.0,May      ,2032-05-01,2032-05-31,2032-04-01,2032-05-15
2032-05-16,2032.0,5.0,2.0,20.0,May      ,2032-05-01,2032-05-31,2032-04-01,2032-05-22
2032-05-23,2032.0,5.0,2.0,21.0,May      ,2032-05-01,2032-05-31,2032-04-01,2032-05-29
2032-05-30,2032.0,5.0,2.0,22.0,May      ,2032-05-01,2032-05-31,2032-04-01,2032-06-05
2032-06-06,2032.0,6.0,2.0,23.0,June     ,2032-06-01,2032-06-30,2032-04-01,2032-06-12
2032-06-13,2032.0,6.0,2.0,24.0,June     ,2032-06-01,2032-06-30,2032-04-01,2032-06-19
2032-06-20,2032.0,6.0,2.0,25.0,June     ,2032-06-01,2032-06-30,2032-04-01,2032-06-26
2032-06-27,2032.0,6.0,2.0,26.0,June     ,2032-06-01,2032-06-30,2032-04-01,2032-07-03
2032-07-04,2032.0,7.0,3.0,27.0,July     ,2032-07-01,2032-07-31,2032-07-01,2032-07-10
2032-07-11,2032.0,7.0,3.0,28.0,July     ,2032-07-01,2032-07-31,2032-07-01,2032-07-17
2032-07-18,2032.0,7.0,3.0,29.0,July     ,2032-07-01,2032-07-31,2032-07-01,2032-07-24
2032-07-25,2032.0,7.0,3.0,30.0,July     ,2032-07-01,2032-07-31,2032-07-01,2032-07-31
2032-08-01,2032.0,8.0,3.0,31.0,August   ,2032-08-01,2032-08-31,2032-07-01,2032-08-07
2032-08-08,2032.0,8.0,3.0,32.0,August   ,2032-08-01,2032-08-31,2032-07-01,2032-08-14
2032-08-15,2032.0,8.0,3.0,33.0,August   ,2032-08-01,2032-08-31,2032-07-01,2032-08-21
2032-08-22,2032.0,8.0,3.0,34.0,August   ,2032-08-01,2032-08-31,2032-07-01,2032-08-28
2032-08-29,2032.0,8.0,3.0,35.0,August   ,2032-08-01,2032-08-31,2032-07-01,2032-09-04
2032-09-05,2032.0,9.0,3.0,36.0,September,2032-09-01,2032-09-30,2032-07-01,2032-09-11
2032-09-12,2032.0,9.0,3.0,37.0,September,2032-09-01,2032-09-30,2032-07-01,2032-09-18
2032-09-19,2032.0,9.0,3.0,38.0,September,2032-09-01,2032-09-30,2032-07-01,2032-09-25
2032-09-26,2032.0,9.0,3.0,39.0,September,2032-09-01,2032-09-30,2032-07-01,2032-10-02
2032-10-03,2032.0,10.0,4.0,40.0,October  ,2032-10-01,2032-10-31,2032-10-01,2032-10-09
2032-10-10,2032.0,10.0,4.0,41.0,October  ,2032-10-01,2032-10-31,2032-10-01,2032-10-16
2032-10-17,2032.0,10.0,4.0,42.0,October  ,2032-10-01,2032-10-31,2032-10-01,2032-10-23
2032-10-24,2032.0,10.0,4.0,43.0,October  ,2032-10-01,2032-10-31,2032-10-01,2032-10-30
2032-10-31,2032.0,10.0,4.0,44.0,October  ,2032-10-01,2032-10-31,2032-10-01,2032-11-06
2032-11-07,2032.0,11.0,4.0,45.0,November ,2032-11-01,2032-11-30,2032-10-01,2032-11-13
2032-11-14,2032.0,11.0,4.0,46.0,November ,2032-11-01,2032-11-30,2032-10-01,2032-11-20
2032-11-21,2032.0,11.0,4.0,47.0,November ,2032-11-01,2032-11-30,2032-10-01,2032-11-27
2032-11-28,2032.0,11.0,4.0,48.0,November ,2032-11-01,2032-11-30,2032-10-01,2032-12-04
2032-12-05,2032.0,12.0,4.0,49.0,December ,2032-12-01,2032-12-31,2032-10-01,2032-12-11
2032-12-12,2032.0,12.0,4.0,50.0,December ,2032-12-01,2032-12-31,2032-10-01,2032-12-18
2032-12-19,2032.0,12.0,4.0,51.0,December ,2032-12-01,2032-12-31,2032-10-01,2032-12-25
2032-12-26,2032.0,12.0,4.0,52.0,December ,2032-12-01,2032-12-31,2032-10-01,2033-01-01
2033-01-02,2033.0,1.0,1.0,53.0,January  ,2033-01-01,2033-01-31,2033-01-01,2033-01-08
2033-01-09,2033.0,1.0,1.0,1.0,January  ,2033-01-01,2033-01-31,2033-01-01,2033-01-15
2033-01-16,2033.0,1.0,1.0,2.0,January  ,2033-01-01,2033-01-31,2033-01-01,2033-01-22
2033-01-23,2033.0,1.0,1.0,3.0,January  ,2033-01-01,2033-01-31,2033-01-01,2033-01-29
2033-01-30,2033.0,1.0,1.0,4.0,January  ,2033-01-01,2033-01-31,2033-01-01,2033-02-05
2033-02-06,2033.0,2.0,1.0,5.0,February ,2033-02-01,2033-02-28,2033-01-01,2033-02-12
2033-02-13,2033.0,2.0,1.0,6.0,February ,2033-02-01,2033-02-28,2033-01-01,2033-02-19
2033-02-20,2033.0,2.0,1.0,7.0,February ,2033-02-01,2033-02-28,2033-01-01,2033-02-26
2033-02-27,2033.0,2.0,1.0,8.0,February ,2033-02-01,2033-02-28,2033-01-01,2033-03-05
2033-03-06,2033.0,3.0,1.0,9.0,March    ,2033-03-01,2033-03-31,2033-01-01,2033-03-12
2033-03-13,2033.0,3.0,1.0,10.0,March    ,2033-03-01,2033-03-31,2033-01-01,2033-03-19
2033-03-20,2033.0,3.0,1.0,11.0,March    ,2033-03-01,2033-03-31,2033-01-01,2033-03-26
2033-03-27,2033.0,3.0,1.0,12.0,March    ,2033-03-01,2033-03-31,2033-01-01,2033-04-02
2033-04-03,2033.0,4.0,2.0,13.0,April    ,2033-04-01,2033-04-30,2033-04-01,2033-04-09
2033-04-10,2033.0,4.0,2.0,14.0,April    ,2033-04-01,2033-04-30,2033-04-01,2033-04-16
2033-04-17,2033.0,4.0,2.0,15.0,April    ,2033-04-01,2033-04-30,2033-04-01,2033-04-23
2033-04-24,2033.0,4.0,2.0,16.0,April    ,2033-04-01,2033-04-30,2033-04-01,2033-04-30
2033-05-01,2033.0,5.0,2.0,17.0,May      ,2033-05-01,2033-05-31,2033-04-01,2033-05-07
2033-05-08,2033.0,5.0,2.0,18.0,May      ,2033-05-01,2033-05-31,2033-04-01,2033-05-14
2033-05-15,2033.0,5.0,2.0,19.0,May      ,2033-05-01,2033-05-31,2033-04-01,2033-05-21
2033-05-22,2033.0,5.0,2.0,20.0,May      ,2033-05-01,2033-05-31,2033-04-01,2033-05-28
2033-05-29,2033.0,5.0,2.0,21.0,May      ,2033-05-01,2033-05-31,2033-04-01,2033-06-04
2033-06-05,2033.0,6.0,2.0,22.0,June     ,2033-06-01,2033-06-30,2033-04-01,2033-06-11
2033-06-12,2033.0,6.0,2.0,23.0,June     ,2033-06-01,2033-06-30,2033-04-01,2033-06-18
2033-06-19,2033.0,6.0,2.0,24.0,June     ,2033-06-01,2033-06-30,2033-04-01,2033-06-25
2033-06-26,2033.0,6.0,2.0,25.0,June     ,2033-06-01,2033-06-30,2033-04-01,2033-07-02
2033-07-03,2033.0,7.0,3.0,26.0,July     ,2033-07-01,2033-07-31,2033-07-01,2033-07-09
2033-07-10,2033.0,7.0,3.0,27.0,July     ,2033-07-01,2033-07-31,2033-07-01,2033-07-16
2033-07-17,2033.0,7.0,3.0,28.0,July     ,2033-07-01,2033-07-31,2033-07-01,2033-07-23
2033-07-24,2033.0,7.0,3.0,29.0,July     ,2033-07-01,2033-07-31,2033-07-01,2033-07-30
2033-07-31,2033.0,7.0,3.0,30.0,July     ,2033-07-01,2033-07-31,2033-07-01,2033-08-06
2033-08-07,2033.0,8.0,3.0,31.0,August   ,2033-08-01,2033-08-31,2033-07-01,2033-08-13
2033-08-14,2033.0,8.0,3.0,32.0,August   ,2033-08-01,2033-08-31,2033-07-01,2033-08-20
2033-08-21,2033.0,8.0,3.0,33.0,August   ,2033-08-01,2033-08-31,2033-07-01,2033-08-27
2033-08-28,2033.0,8.0,3.0,34.0,August   ,2033-08-01,2033-08-31,2033-07-01,2033-09-03
2033-09-04,2033.0,9.0,3.0,35.0,September,2033-09-01,2033-09-30,2033-07-01,2033-09-10
2033-09-11,2033.0,9.0,3.0,36.0,September,2033-09-01,2033-09-30,2033-07-01,2033-09-17
2033-09-18,2033.0,9.0,3.0,37.0,September,2033-09-01,2033-09-30,2033-07-01,2033-09-24
2033-09-25,2033.0,9.0,3.0,38.0,September,2033-09-01,2033-09-30,2033-07-01,2033-10-01
2033-10-02,2033.0,10.0,4.0,39.0,October  ,2033-10-01,2033-10-31,2033-10-01,2033-10-08
2033-10-09,2033.0,10.0,4.0,40.0,October  ,2033-10-01,2033-10-31,2033-10-01,2033-10-15
2033-10-16,2033.0,10.0,4.0,41.0,October  ,2033-10-01,2033-10-31,2033-10-01,2033-10-22
2033-10-23,2033.0,10.0,4.0,42.0,October  ,2033-10-01,2033-10-31,2033-10-01,2033-10-29
2033-10-30,2033.0,10.0,4.0,43.0,October  ,2033-10-01,2033-10-31,2033-10-01,2033-11-05
2033-11-06,2033.0,11.0,4.0,44.0,November ,2033-11-01,2033-11-30,2033-10-01,2033-11-12
2033-11-13,2033.0,11.0,4.0,45.0,November ,2033-11-01,2033-11-30,2033-10-01,2033-11-19
2033-11-20,2033.0,11.0,4.0,46.0,November ,2033-11-01,2033-11-30,2033-10-01,2033-11-26
2033-11-27,2033.0,11.0,4.0,47.0,November ,2033-11-01,2033-11-30,2033-10-01,2033-12-03
2033-12-04,2033.0,12.0,4.0,48.0,December ,2033-12-01,2033-12-31,2033-10-01,2033-12-10
2033-12-11,2033.0,12.0,4.0,49.0,December ,2033-12-01,2033-12-31,2033-10-01,2033-12-17
2033-12-18,2033.0,12.0,4.0,50.0,December ,2033-12-01,2033-12-31,2033-10-01,2033-12-24
2033-12-25,2033.0,12.0,4.0,51.0,December ,2033-12-01,2033-12-31,2033-10-01,2033-12-31
2034-01-01,2034.0,1.0,1.0,52.0,January  ,2034-01-01,2034-01-31,2034-01-01,2034-01-07
2034-01-08,2034.0,1.0,1.0,1.0,January  ,2034-01-01,2034-01-31,2034-01-01,2034-01-14
2034-01-15,2034.0,1.0,1.0,2.0,January  ,2034-01-01,2034-01-31,2034-01-01,2034-01-21
2034-01-22,2034.0,1.0,1.0,3.0,January  ,2034-01-01,2034-01-31,2034-01-01,2034-01-28
2034-01-29,2034.0,1.0,1.0,4.0,January  ,2034-01-01,2034-01-31,2034-01-01,2034-02-04
2034-02-05,2034.0,2.0,1.0,5.0,February ,2034-02-01,2034-02-28,2034-01-01,2034-02-11
2034-02-12,2034.0,2.0,1.0,6.0,February ,2034-02-01,2034-02-28,2034-01-01,2034-02-18
2034-02-19,2034.0,2.0,1.0,7.0,February ,2034-02-01,2034-02-28,2034-01-01,2034-02-25
2034-02-26,2034.0,2.0,1.0,8.0,February ,2034-02-01,2034-02-28,2034-01-01,2034-03-04
2034-03-05,2034.0,3.0,1.0,9.0,March    ,2034-03-01,2034-03-31,2034-01-01,2034-03-11
2034-03-12,2034.0,3.0,1.0,10.0,March    ,2034-03-01,2034-03-31,2034-01-01,2034-03-18
2034-03-19,2034.0,3.0,1.0,11.0,March    ,2034-03-01,2034-03-31,2034-01-01,2034-03-25
2034-03-26,2034.0,3.0,1.0,12.0,March    ,2034-03-01,2034-03-31,2034-01-01,2034-04-01
2034-04-02,2034.0,4.0,2.0,13.0,April    ,2034-04-01,2034-04-30,2034-04-01,2034-04-08
2034-04-09,2034.0,4.0,2.0,14.0,April    ,2034-04-01,2034-04-30,2034-04-01,2034-04-15
2034-04-16,2034.0,4.0,2.0,15.0,April    ,2034-04-01,2034-04-30,2034-04-01,2034-04-22
2034-04-23,2034.0,4.0,2.0,16.0,April    ,2034-04-01,2034-04-30,2034-04-01,2034-04-29
2034-04-30,2034.0,4.0,2.0,17.0,April    ,2034-04-01,2034-04-30,2034-04-01,2034-05-06
2034-05-07,2034.0,5.0,2.0,18.0,May      ,2034-05-01,2034-05-31,2034-04-01,2034-05-13
2034-05-14,2034.0,5.0,2.0,19.0,May      ,2034-05-01,2034-05-31,2034-04-01,2034-05-20
2034-05-21,2034.0,5.0,2.0,20.0,May      ,2034-05-01,2034-05-31,2034-04-01,2034-05-27
2034-05-28,2034.0,5.0,2.0,21.0,May      ,2034-05-01,2034-05-31,2034-04-01,2034-06-03
2034-06-04,2034.0,6.0,2.0,22.0,June     ,2034-06-01,2034-06-30,2034-04-01,2034-06-10
2034-06-11,2034.0,6.0,2.0,23.0,June     ,2034-06-01,2034-06-30,2034-04-01,2034-06-17
2034-06-18,2034.0,6.0,2.0,24.0,June     ,2034-06-01,2034-06-30,2034-04-01,2034-06-24
2034-06-25,2034.0,6.0,2.0,25.0,June     ,2034-06-01,2034-06-30,2034-04-01,2034-07-01
2034-07-02,2034.0,7.0,3.0,26.0,July     ,2034-07-01,2034-07-31,2034-07-01,2034-07-08
2034-07-09,2034.0,7.0,3.0,27.0,July     ,2034-07-01,2034-07-31,2034-07-01,2034-07-15
2034-07-16,2034.0,7.0,3.0,28.0,July     ,2034-07-01,2034-07-31,2034-07-01,2034-07-22
2034-07-23,2034.0,7.0,3.0,29.0,July     ,2034-07-01,2034-07-31,2034-07-01,2034-07-29
2034-07-30,2034.0,7.0,3.0,30.0,July     ,2034-07-01,2034-07-31,2034-07-01,2034-08-05
2034-08-06,2034.0,8.0,3.0,31.0,August   ,2034-08-01,2034-08-31,2034-07-01,2034-08-12
2034-08-13,2034.0,8.0,3.0,32.0,August   ,2034-08-01,2034-08-31,2034-07-01,2034-08-19
2034-08-20,2034.0,8.0,3.0,33.0,August   ,2034-08-01,2034-08-31,2034-07-01,2034-08-26
2034-08-27,2034.0,8.0,3.0,34.0,August   ,2034-08-01,2034-08-31,2034-07-01,2034-09-02
2034-09-03,2034.0,9.0,3.0,35.0,September,2034-09-01,2034-09-30,2034-07-01,2034-09-09
2034-09-10,2034.0,9.0,3.0,36.0,September,2034-09-01,2034-09-30,2034-07-01,2034-09-16
2034-09-17,2034.0,9.0,3.0,37.0,September,2034-09-01,2034-09-30,2034-07-01,2034-09-23
2034-09-24,2034.0,9.0,3.0,38.0,September,2034-09-01,2034-09-30,2034-07-01,2034-09-30
2034-10-01,2034.0,10.0,4.0,39.0,October  ,2034-10-01,2034-10-31,2034-10-01,2034-10-07
2034-10-08,2034.0,10.0,4.0,40.0,October  ,2034-10-01,2034-10-31,2034-10-01,2034-10-14
2034-10-15,2034.0,10.0,4.0,41.0,October  ,2034-10-01,2034-10-31,2034-10-01,2034-10-21
2034-10-22,2034.0,10.0,4.0,42.0,October  ,2034-10-01,2034-10-31,2034-10-01,2034-10-28
2034-10-29,2034.0,10.0,4.0,43.0,October  ,2034-10-01,2034-10-31,2034-10-01,2034-11-04
2034-11-05,2034.0,11.0,4.0,44.0,November ,2034-11-01,2034-11-30,2034-10-01,2034-11-11
2034-11-12,2034.0,11.0,4.0,45.0,November ,2034-11-01,2034-11-30,2034-10-01,2034-11-18
2034-11-19,2034.0,11.0,4.0,46.0,November ,2034-11-01,2034-11-30,2034-10-01,2034-11-25
2034-11-26,2034.0,11.0,4.0,47.0,November ,2034-11-01,2034-11-30,2034-10-01,2034-12-02
2034-12-03,2034.0,12.0,4.0,48.0,December ,2034-12-01,2034-12-31,2034-10-01,2034-12-09
2034-12-10,2034.0,12.0,4.0,49.0,December ,2034-12-01,2034-12-31,2034-10-01,2034-12-16
2034-12-17,2034.0,12.0,4.0,50.0,December ,2034-12-01,2034-12-31,2034-10-01,2034-12-23
2034-12-24,2034.0,12.0,4.0,51.0,December ,2034-12-01,2034-12-31,2034-10-01,2034-12-30
2034-12-31,2034.0,12.0,4.0,52.0,December ,2034-12-01,2034-12-31,2034-10-01,2035-01-06
2035-01-07,2035.0,1.0,1.0,1.0,January  ,2035-01-01,2035-01-31,2035-01-01,2035-01-13
2035-01-14,2035.0,1.0,1.0,2.0,January  ,2035-01-01,2035-01-31,2035-01-01,2035-01-20
2035-01-21,2035.0,1.0,1.0,3.0,January  ,2035-01-01,2035-01-31,2035-01-01,2035-01-27
2035-01-28,2035.0,1.0,1.0,4.0,January  ,2035-01-01,2035-01-31,2035-01-01,2035-02-03
2035-02-04,2035.0,2.0,1.0,5.0,February ,2035-02-01,2035-02-28,2035-01-01,2035-02-10
2035-02-11,2035.0,2.0,1.0,6.0,February ,2035-02-01,2035-02-28,2035-01-01,2035-02-17
2035-02-18,2035.0,2.0,1.0,7.0,February ,2035-02-01,2035-02-28,2035-01-01,2035-02-24
2035-02-25,2035.0,2.0,1.0,8.0,February ,2035-02-01,2035-02-28,2035-01-01,2035-03-03
2035-03-04,2035.0,3.0,1.0,9.0,March    ,2035-03-01,2035-03-31,2035-01-01,2035-03-10
2035-03-11,2035.0,3.0,1.0,10.0,March    ,2035-03-01,2035-03-31,2035-01-01,2035-03-17
2035-03-18,2035.0,3.0,1.0,11.0,March    ,2035-03-01,2035-03-31,2035-01-01,2035-03-24
2035-03-25,2035.0,3.0,1.0,12.0,March    ,2035-03-01,2035-03-31,2035-01-01,2035-03-31
2035-04-01,2035.0,4.0,2.0,13.0,April    ,2035-04-01,2035-04-30,2035-04-01,2035-04-07
2035-04-08,2035.0,4.0,2.0,14.0,April    ,2035-04-01,2035-04-30,2035-04-01,2035-04-14
2035-04-15,2035.0,4.0,2.0,15.0,April    ,2035-04-01,2035-04-30,2035-04-01,2035-04-21
2035-04-22,2035.0,4.0,2.0,16.0,April    ,2035-04-01,2035-04-30,2035-04-01,2035-04-28
2035-04-29,2035.0,4.0,2.0,17.0,April    ,2035-04-01,2035-04-30,2035-04-01,2035-05-05
2035-05-06,2035.0,5.0,2.0,18.0,May      ,2035-05-01,2035-05-31,2035-04-01,2035-05-12
2035-05-13,2035.0,5.0,2.0,19.0,May      ,2035-05-01,2035-05-31,2035-04-01,2035-05-19
2035-05-20,2035.0,5.0,2.0,20.0,May      ,2035-05-01,2035-05-31,2035-04-01,2035-05-26
2035-05-27,2035.0,5.0,2.0,21.0,May      ,2035-05-01,2035-05-31,2035-04-01,2035-06-02
2035-06-03,2035.0,6.0,2.0,22.0,June     ,2035-06-01,2035-06-30,2035-04-01,2035-06-09
2035-06-10,2035.0,6.0,2.0,23.0,June     ,2035-06-01,2035-06-30,2035-04-01,2035-06-16
2035-06-17,2035.0,6.0,2.0,24.0,June     ,2035-06-01,2035-06-30,2035-04-01,2035-06-23
2035-06-24,2035.0,6.0,2.0,25.0,June     ,2035-06-01,2035-06-30,2035-04-01,2035-06-30
2035-07-01,2035.0,7.0,3.0,26.0,July     ,2035-07-01,2035-07-31,2035-07-01,2035-07-07
2035-07-08,2035.0,7.0,3.0,27.0,July     ,2035-07-01,2035-07-31,2035-07-01,2035-07-14
2035-07-15,2035.0,7.0,3.0,28.0,July     ,2035-07-01,2035-07-31,2035-07-01,2035-07-21
2035-07-22,2035.0,7.0,3.0,29.0,July     ,2035-07-01,2035-07-31,2035-07-01,2035-07-28
2035-07-29,2035.0,7.0,3.0,30.0,July     ,2035-07-01,2035-07-31,2035-07-01,2035-08-04
2035-08-05,2035.0,8.0,3.0,31.0,August   ,2035-08-01,2035-08-31,2035-07-01,2035-08-11
2035-08-12,2035.0,8.0,3.0,32.0,August   ,2035-08-01,2035-08-31,2035-07-01,2035-08-18
2035-08-19,2035.0,8.0,3.0,33.0,August   ,2035-08-01,2035-08-31,2035-07-01,2035-08-25
2035-08-26,2035.0,8.0,3.0,34.0,August   ,2035-08-01,2035-08-31,2035-07-01,2035-09-01
2035-09-02,2035.0,9.0,3.0,35.0,September,2035-09-01,2035-09-30,2035-07-01,2035-09-08
2035-09-09,2035.0,9.0,3.0,36.0,September,2035-09-01,2035-09-30,2035-07-01,2035-09-15
2035-09-16,2035.0,9.0,3.0,37.0,September,2035-09-01,2035-09-30,2035-07-01,2035-09-22
2035-09-23,2035.0,9.0,3.0,38.0,September,2035-09-01,2035-09-30,2035-07-01,2035-09-29
2035-09-30,2035.0,9.0,3.0,39.0,September,2035-09-01,2035-09-30,2035-07-01,2035-10-06
2035-10-07,2035.0,10.0,4.0,40.0,October  ,2035-10-01,2035-10-31,2035-10-01,2035-10-13
2035-10-14,2035.0,10.0,4.0,41.0,October  ,2035-10-01,2035-10-31,2035-10-01,2035-10-20
2035-10-21,2035.0,10.0,4.0,42.0,October  ,2035-10-01,2035-10-31,2035-10-01,2035-10-27
2035-10-28,2035.0,10.0,4.0,43.0,October  ,2035-10-01,2035-10-31,2035-10-01,2035-11-03
2035-11-04,2035.0,11.0,4.0,44.0,November ,2035-11-01,2035-11-30,2035-10-01,2035-11-10
2035-11-11,2035.0,11.0,4.0,45.0,November ,2035-11-01,2035-11-30,2035-10-01,2035-11-17
2035-11-18,2035.0,11.0,4.0,46.0,November ,2035-11-01,2035-11-30,2035-10-01,2035-11-24
2035-11-25,2035.0,11.0,4.0,47.0,November ,2035-11-01,2035-11-30,2035-10-01,2035-12-01
2035-12-02,2035.0,12.0,4.0,48.0,December ,2035-12-01,2035-12-31,2035-10-01,2035-12-08
2035-12-09,2035.0,12.0,4.0,49.0,December ,2035-12-01,2035-12-31,2035-10-01,2035-12-15
2035-12-16,2035.0,12.0,4.0,50.0,December ,2035-12-01,2035-12-31,2035-10-01,2035-12-22
2035-12-23,2035.0,12.0,4.0,51.0,December ,2035-12-01,2035-12-31,2035-10-01,2035-12-29
